frame_num,car_id,car_bbox,license_plate_bbox,license_plate_bbox_score,license_number,license_number_score
0,3.0,[752.2139282226562 1369.3121337890625 1429.306396484375 1984.0484619140625],[974.8357543945312 1753.404052734375 1199.5994873046875 1851.19189453125],0.5669248104095459,NA11NRU,0.22580247643619797
1,3.0,[750.736092831009 1374.2024826604525 1425.7282793961954 1991.558241579834],[975.324462890625 1765.396484375 1203.47021484375 1862.9620361328125],0.5357751250267029,NA11KRU,0.13784135758783453
5,3.0,[734.6443674412562 1397.6586195367736 1430.6789289373623 2030.8299020482823],[944.9208984375 1790.5264892578125 1191.167724609375 1895.4466552734375],0.486272931098938,NA11NRU,0.39252980167211426
7,3.0,[724.5476403040627 1407.5110489774013 1425.3348501484982 2052.7157401657064],[938.2730712890625 1805.97802734375 1185.6669921875 1911.028564453125],0.563228189945221,MA11MRU,0.34965142189567927
8,3.0,[719.3434856794597 1413.5827658817743 1421.787029556011 2058.188676298904],[954.4998779296875 1824.6705322265625 1172.0086669921875 1918.4849853515625],0.5394650101661682,NA11WAU,0.15400676676985905
11,3.0,[698.107457734807 1430.867989385792 1408.5370839855257 2082.0220124111006],[917.34228515625 1840.0242919921875 1168.3883056640625 1944.0260009765625],0.5050684809684753,NA11NRU,0.6182372942744834
12,3.0,[693.6689307600778 1439.9992134373679 1407.0168833561365 2092.135727721744],[925.7426147460938 1853.29833984375 1158.468505859375 1958.682861328125],0.46127235889434814,NA11NRU,0.2010281066328323
13,3.0,[691.5624816331358 1442.536085144487 1406.700967771794 2097.017587190636],[925.9464111328125 1860.3262939453125 1170.8045654296875 1966.883056640625],0.5571581125259399,NA11NRU,0.28255279315589216
14,3.0,[688.037614375731 1449.704767511532 1402.9589854955746 2104.7441681483474],[905.5786743164062 1874.880615234375 1173.8658447265625 1974.226318359375],0.35590654611587524,NA11NRU,0.6335533614346507
15,3.0,[683.2487484101043 1458.2164698753736 1400.7607987137794 2112.387743667117],[928.6359252929688 1881.05419921875 1159.704345703125 1982.8406982421875],0.5846604108810425,NA11NRU,0.5524886978519393
17,3.0,[674.2134281352364 1470.4384543880424 1397.289583112508 2125.7362767612417],[897.8265380859375 1881.2052001953125 1161.661376953125 1993.2679443359375],0.4576639235019684,NA11NRU,0.6383909745528273
18,3.0,[671.2372876066106 1482.4175466759357 1393.9472744445243 2136.6766512250974],[903.7427368164062 1901.384765625 1157.526123046875 2006.748046875],0.5728073120117188,NA11NRU,0.5797572086879437
19,3.0,[669.585419748028 1491.020723231247 1394.0743063483965 2143.5323774550075],[917.968505859375 1911.15673828125 1148.3724365234375 2009.7374267578125],0.6390044093132019,WA11NRU,0.38407682683675404
21,3.0,[660.3424158605803 1506.1707725422332 1388.361514111003 2153.348165310678],[884.35107421875 1924.3564453125 1152.848876953125 2037.995361328125],0.6199501156806946,NA11NRU,0.5923985310485209
22,3.0,[656.0885257855225 1510.2363742576886 1385.6248228231739 2155.1254150889795],[872.032470703125 1923.384521484375 1137.3692626953125 2037.88916015625],0.6461220979690552,NA11NRU,0.4843734823068296
24,3.0,[649.9763091966919 1520.525398382315 1381.8506045485783 2156.1908568401363],[871.8385620117188 1951.1964111328125 1131.603271484375 2066.682373046875],0.6297784447669983,NA11NRU,0.457831926507219
25,3.0,[648.2378853741101 1525.9166878833496 1380.429542525529 2156.2750723863387],[863.300537109375 1962.0970458984375 1134.5994873046875 2074.216796875],0.6193854212760925,NA11NRU,0.44705024145852024
26,3.0,[645.1773205050358 1533.2349670726535 1380.2502867814676 2157.4653668583255],[885.8932495117188 1976.162109375 1132.2506103515625 2081.061767578125],0.6076199412345886,NA11NRU,0.5739309899640767
27,3.0,[643.0805582891389 1540.4679689600584 1381.004220460569 2157.026364027444],[855.1962890625 1977.8658447265625 1129.2432861328125 2092.04345703125],0.6642912030220032,NA11NRU,0.429570730003504
28,3.0,[639.9584453385341 1546.5656515928772 1378.9820110653613 2156.87308443047],[873.2217407226562 1982.525146484375 1116.4901123046875 2092.09423828125],0.6683344841003418,NA11NRU,0.4821427724722263
29,3.0,[635.916615085987 1554.4470779875573 1375.2161298375863 2157.3818892535787],[858.9329223632812 1996.2850341796875 1119.795166015625 2105.770263671875],0.6548259854316711,NA11NRU,0.3326141677711671
30,3.0,[634.7070111081396 1562.7810795329926 1372.536015901608 2158.3867859557668],[885.7263793945312 2018.2880859375 1093.0565185546875 2117.21630859375],0.6685217618942261,NA11NRU,0.34837243793142025
31,3.0,[636.0598369356677 1568.448208027865 1372.5389569889767 2157.4050528304806],[873.2384643554688 2022.1483154296875 1119.32470703125 2125.7470703125],0.6970619559288025,QA11NRU,0.18257002883828483
33,3.0,[622.1021305054783 1584.949079335196 1364.830094785372 2156.1613271406145],[851.9326171875 2040.1622314453125 1122.056396484375 2151.592041015625],0.6496323943138123,WA17NRU,0.17067040126828112
43,6.0,[1133.761207190103 1143.9754750856453 1714.484601326777 1600.1567036052681],[1354.1923828125 1420.5322265625 1513.2813720703125 1506.3333740234375],0.25558584928512573,GX15OCJ,0.3016682783756153
56,6.0,[1093.4063437010327 1190.25913419157 1703.900497855503 1676.907826764249],[1313.1636962890625 1492.3480224609375 1483.23828125 1567.2601318359375],0.3886113464832306,GX15OCJ,0.229589668803087
57,6.0,[1089.771579208259 1195.1037517676548 1703.4034233726875 1681.1450352741201],[1303.0980224609375 1494.547119140625 1477.780517578125 1571.8634033203125],0.38733240962028503,GX15QGJ,0.24655814719169378
58,6.0,[1091.4208311321925 1199.0922429976567 1707.950659108332 1684.7629586228586],[1318.248046875 1498.404052734375 1485.2607421875 1570.48974609375],0.29097792506217957,GX15OCJ,0.3092896241353418
59,6.0,[1088.3692663820236 1204.4819859372692 1709.3918068365977 1690.8330609532936],[1297.361572265625 1498.6197509765625 1469.0889892578125 1579.45458984375],0.41706332564353943,GX15OGJ,0.19715883972394965
62,6.0,[1074.6944751378524 1218.1931176694432 1696.7079803829315 1706.9043655981457],[1303.7098388671875 1511.173828125 1479.432861328125 1598.18701171875],0.32182878255844116,GX15OCJ,0.21890435391622387
63,6.0,[1076.8361558402949 1225.3703817553753 1695.1715242660503 1712.4582272344835],[1302.322021484375 1518.406494140625 1475.33837890625 1601.370849609375],0.33048397302627563,GX15OCJ,0.5065232144153832
64,6.0,[1077.588104839316 1230.3640552413106 1696.3040971592511 1717.0544850901545],[1307.2127685546875 1526.3565673828125 1475.3118896484375 1606.3443603515625],0.2883475422859192,GX15OCJ,0.23267304940410677
67,6.0,[1071.1097374407168 1239.6918063655787 1694.1163973301577 1728.970939725654],[1287.4896240234375 1541.3988037109375 1464.8917236328125 1622.7774658203125],0.2599141597747803,GX15OCJ,0.45598294756055
69,6.0,[1069.1676025946297 1250.8610437602567 1695.056712915916 1744.334910980014],[1280.980224609375 1546.699951171875 1460.7117919921875 1634.0126953125],0.42843490839004517,GX15OCJ,0.2622006758620954
70,6.0,[1064.852131471484 1256.5886471791816 1691.4126891430515 1752.0010310615824],[1275.7159423828125 1553.423583984375 1472.5133056640625 1644.27392578125],0.31484729051589966,GX15OCJ,0.3882439652428839
72,6.0,[1053.9170837677632 1263.3546152950082 1686.884899581333 1762.6433332056906],[1281.516357421875 1575.9605712890625 1469.378173828125 1656.4566650390625],0.4199495017528534,GX15OGJ,0.3334592222690945
73,6.0,[1050.4661611369356 1266.55248033832 1683.7915028299976 1767.2141087080236],[1282.30078125 1573.891845703125 1465.5877685546875 1657.3048095703125],0.4881530702114105,GX15OCJ,0.5304821658634764
74,6.0,[1050.1286361859654 1272.8504164657995 1682.6127034233616 1774.179439027949],[1274.2587890625 1586.02587890625 1476.802734375 1667.548828125],0.45035994052886963,GX15QCJ,0.32660354489639115
76,6.0,[1046.2795781285058 1279.0588170624885 1685.6385989874188 1782.6676884631522],[1260.3277587890625 1595.6986083984375 1446.469482421875 1680.760986328125],0.5334709882736206,GX15OGJ,0.42893066634141924
77,6.0,[1043.3259545648896 1282.2461053832662 1687.0488294036666 1789.9151997549266],[1270.855224609375 1593.8323974609375 1455.7777099609375 1683.1864013671875],0.5961354970932007,GX15OGJ,0.3736679049392386
78,6.0,[1038.2780833526765 1287.0771582583625 1682.8071521356594 1798.488564683682],[1262.509765625 1608.5654296875 1436.585205078125 1695.42041015625],0.46182551980018616,GX15OGJ,0.42640920075318883
79,6.0,[1035.5630199677757 1291.4252103381698 1684.9344033473658 1804.5625147449057],[1262.4012451171875 1607.1983642578125 1458.802734375 1695.5401611328125],0.5210778713226318,GX15QGJ,0.35439085042513274
81,6.0,[1023.3394172927801 1304.3180028799532 1681.4490085489042 1819.534307544194],[1242.923583984375 1625.422607421875 1447.9410400390625 1713.6951904296875],0.4402208924293518,CX15OGJ,0.26861328905659915
82,6.0,[1017.2266011267413 1308.0689984976364 1678.7973481383376 1825.2561070680097],[1248.878173828125 1633.0460205078125 1443.19189453125 1717.5858154296875],0.5122247338294983,GX15OCJ,0.30797680850855763
83,6.0,[1014.2729604901413 1315.1634791579647 1681.5582836584183 1836.0328617162365],[1234.6396484375 1637.2159423828125 1431.118408203125 1718.6663818359375],0.48078444600105286,GX15OCJ,0.28558599132647483
84,6.0,[1009.4219187471078 1323.0193891786603 1682.2114397627531 1846.4060043866039],[1228.509521484375 1641.9595947265625 1437.0076904296875 1729.278564453125],0.5614854097366333,CX15OGJ,0.2907881393530771
86,6.0,[1002.1268383168872 1330.346836843615 1683.176266774943 1857.7801154858728],[1236.6981201171875 1651.671142578125 1438.1500244140625 1744.28515625],0.4883368909358978,GX15OCJ,0.5964494689967573
87,6.0,[997.2188008211232 1333.7637732795372 1683.459737708798 1864.7765940121778],[1244.54296875 1669.5418701171875 1435.1414794921875 1753.1544189453125],0.5215153098106384,GX15OCJ,0.2367855332459695
88,6.0,[995.4760125849116 1335.0556246694568 1684.147160821793 1869.9611278416564],[1245.9283447265625 1672.8526611328125 1438.31884765625 1756.2293701171875],0.5586778521537781,GX15OCJ,0.16176806969901839
89,6.0,[994.1481928417206 1339.8233776846423 1685.0884167582794 1874.613482533403],[1237.0535888671875 1681.8453369140625 1433.716552734375 1765.9361572265625],0.5787187218666077,GX15OCJ,0.5063953213844048
90,6.0,[994.4153669327286 1348.5561804148394 1686.6831186381476 1885.6023906420444],[1229.110107421875 1685.361083984375 1427.8165283203125 1772.9664306640625],0.56866854429245,GX15OGJ,0.4057264279205074
91,6.0,[993.0580541567144 1353.5355036766227 1686.3435657603839 1893.1366487422033],[1231.16357421875 1692.3240966796875 1435.7938232421875 1782.9276123046875],0.5943871736526489,CX15OCJ,0.469314035158177
92,6.0,[985.5025640837387 1361.2698107917295 1685.6881167303234 1901.1565760636345],[1224.4593505859375 1692.90966796875 1398.9229736328125 1781.025146484375],0.4856199026107788,CX15OCJ,0.19469585725648197
93,6.0,[979.0732071533397 1366.1686111823867 1685.3070734292155 1907.3951646551366],[1227.27734375 1701.412353515625 1435.8681640625 1794.30615234375],0.5092748999595642,GX15OCJ,0.29127945296805935
94,6.0,[976.598199044724 1367.5754190976527 1686.8700837836018 1910.3288067320627],[1226.1119384765625 1710.541748046875 1412.11279296875 1793.1065673828125],0.4211518168449402,GX15OGJ,0.47463259730018376
95,6.0,[971.5249353000086 1371.8433883294574 1684.3359211913944 1919.0182255034783],[1223.6357421875 1716.8431396484375 1426.3551025390625 1802.43212890625],0.582216203212738,GX15OGJ,0.2395365682386516
96,6.0,[969.2307447077403 1379.2354699058956 1683.28064096719 1929.0709042296016],[1217.3697509765625 1728.62841796875 1433.4193115234375 1813.4520263671875],0.5468127131462097,GX15OGJ,0.326974891280107
97,6.0,[964.6503142444315 1383.1693300725296 1681.838192852096 1936.3738224728272],[1214.8228759765625 1732.3773193359375 1426.682861328125 1813.5355224609375],0.5870848894119263,GX15OGJ,0.6641740616719246
98,6.0,[961.8554732943269 1391.3426725266013 1681.1484810061781 1946.3738948575683],[1220.805908203125 1741.981689453125 1421.3272705078125 1827.442138671875],0.6389994025230408,CX15OGJ,0.19902553966187617
99,6.0,[957.1100283104838 1399.1514164485513 1679.4339014894676 1957.7362740193514],[1207.9146728515625 1751.7213134765625 1425.743896484375 1838.0093994140625],0.44287917017936707,GX15OGJ,0.34010299307212094
100,6.0,[955.2608947889106 1406.4126003070542 1676.8353649666765 1964.211041378574],[1198.587158203125 1746.281982421875 1422.23583984375 1836.5302734375],0.5682806372642517,GX15OGJ,0.3017662145350126
102,6.0,[946.854357927424 1418.1360244797804 1675.000199108929 1980.5133024036893],[1209.3094482421875 1773.0977783203125 1410.6689453125 1856.2056884765625],0.5975236296653748,GX15OGJ,0.42831682365435303
103,6.0,[946.1561605777742 1424.6846685644932 1673.7440451225825 1988.6862122087673],[1209.9383544921875 1785.591796875 1409.098876953125 1857.3046875],0.4307631254196167,GX15OGJ,0.040109747580663754
106,6.0,[944.7375177447038 1442.66657019263 1672.9291904330948 2010.0377473718945],[1180.6923828125 1792.424560546875 1385.7886962890625 1885.26708984375],0.5754561424255371,GX15OCJ,0.3560818335047789
107,6.0,[939.5171718344271 1450.5823107524805 1670.7035519538945 2019.5556860337872],[1193.693359375 1808.0621337890625 1390.488525390625 1894.5450439453125],0.5621403455734253,GX15OCJ,0.3283173754773232
108,6.0,[935.0362348088195 1459.3441735110346 1668.5122114293824 2031.2980289199982],[1192.3271484375 1817.8433837890625 1395.1846923828125 1903.7110595703125],0.5834106206893921,GX15OCJ,0.5519954739423988
109,6.0,[929.846667686231 1463.2393579126674 1664.9874835028218 2038.830065033646],[1168.4615478515625 1820.630126953125 1394.8092041015625 1913.483642578125],0.6031327247619629,GX15OGJ,0.36708652708311984
110,6.0,[927.6148871929066 1469.4652812827567 1664.0469433666226 2047.7660012411552],[1181.051513671875 1831.5238037109375 1385.91357421875 1925.4085693359375],0.6219127774238586,GX15OGJ,0.4574217975358287
111,6.0,[925.9899987717017 1477.4404344685602 1661.787490564483 2057.2511430198974],[1181.323974609375 1839.2581787109375 1380.9498291015625 1931.2928466796875],0.6106206774711609,GX15OCJ,0.36737263445233137
112,6.0,[924.5871221919265 1483.091631648061 1662.1378388824492 2064.0570804505896],[1164.18017578125 1840.364501953125 1385.2529296875 1935.447509765625],0.5715147852897644,GX15OCJ,0.5545182122136469
113,6.0,[919.8487834811871 1491.0334444688108 1658.6896648407255 2075.347242891897],[1168.127197265625 1861.5787353515625 1384.998046875 1944.3533935546875],0.47543880343437195,GX15OCJ,0.4515982155712611
114,6.0,[911.2618801423678 1498.2882415160998 1657.4470509377384 2087.141339393716],[1161.2750244140625 1866.4010009765625 1381.6573486328125 1962.3035888671875],0.6095503568649292,GX15OCJ,0.3315101958596592
115,6.0,[905.7170813972168 1503.8949981317487 1656.6598268091004 2095.1625961136897],[1160.0126953125 1871.0892333984375 1383.16259765625 1963.3238525390625],0.5740822553634644,GX15OCJ,0.4598415011891596
116,6.0,[900.1914658313515 1510.1642608442337 1654.2489958688818 2101.56142183829],[1155.6259765625 1882.97314453125 1381.6820068359375 1974.2783203125],0.6251022815704346,GX15OGJ,0.41969364471268206
117,6.0,[896.6283222330541 1517.9121666568844 1652.2410569252215 2109.0132128094456],[1147.5897216796875 1888.5208740234375 1381.9742431640625 1984.7772216796875],0.5725323557853699,GX15OGJ,0.2737588930281228
119,6.0,[892.0041387125539 1529.0341969728302 1652.2634327990645 2116.757469419649],[1151.6510009765625 1909.2528076171875 1368.484130859375 1999.256103515625],0.6070481538772583,GX15OGJ,0.39714882737612434
120,6.0,[883.1741234578013 1536.1904990009762 1649.8298918073097 2123.615538073423],[1146.30078125 1914.317138671875 1373.9697265625 2010.7353515625],0.6341437101364136,GX15OCJ,0.5037570803235988
121,6.0,[876.7923734507267 1542.7036457554027 1648.4436949438937 2130.7561981094204],[1143.736083984375 1920.30517578125 1376.8848876953125 2014.4342041015625],0.6111723184585571,GX15OGJ,0.43907741269532546
121,1.0,[2051.027268965054 1162.922879704958 2587.868854514532 1625.2962631563175],[2219.5244140625 1444.1788330078125 2435.157470703125 1534.49560546875],0.35819655656814575,AP05JEO,0.18611110170902367
122,6.0,[872.7545754037546 1551.2472479566825 1647.4642478192163 2140.363395850947],[1139.3572998046875 1932.1124267578125 1363.5203857421875 2021.3514404296875],0.5904514193534851,GX15OGJ,0.5152476738088314
123,6.0,[868.0027007050555 1558.485178561505 1646.1885658873628 2147.2429130516043],[1126.1781005859375 1939.98828125 1332.188720703125 2027.4185791015625],0.48774072527885437,GX15OGJ,0.44947075900360356
124,6.0,[865.0535971171624 1563.0951166572 1645.1810969722096 2150.596676747789],[1135.6563720703125 1946.750732421875 1345.30224609375 2036.55810546875],0.5042365789413452,GX15OGJ,0.40072234803555895
125,6.0,[862.8777725817213 1570.105319280506 1645.6337501187286 2153.7668443498715],[1138.798828125 1959.6060791015625 1350.710205078125 2052.628662109375],0.625652551651001,GX15OGJ,0.6616115377725004
126,6.0,[857.1335879641242 1581.003806752251 1644.8516104739774 2156.9827349627485],[1125.6273193359375 1972.3602294921875 1339.426025390625 2070.005859375],0.6520652174949646,GX15OGJ,0.3960350859886347
126,1.0,[2048.2081642212697 1186.312520141217 2594.8316025523436 1652.2105312937736],[2222.48974609375 1467.273193359375 2447.348876953125 1559.208984375],0.32619762420654297,AP05JEO,0.3249040982290052
127,6.0,[851.6799367222983 1588.0274911886163 1642.703169552859 2157.120607072853],[1122.700927734375 1979.662841796875 1340.1895751953125 2071.9453125],0.6181768774986267,GX15OGJ,0.5243116753573501
127,1.0,[2048.974334819705 1188.323230669421 2596.641345847546 1655.1486640434762],[2223.6796875 1470.5833740234375 2446.93359375 1557.8514404296875],0.5025556087493896,AP05JEO,0.3214771592932546
128,6.0,[846.3029090300329 1595.8054598705226 1641.5529789784027 2157.2294050685637],[1107.686279296875 1982.2108154296875 1334.524658203125 2079.627197265625],0.6023557782173157,GX15OGJ,0.5642143287732719
129,6.0,[839.8143942469594 1601.529455016443 1639.1263028111746 2155.4470815373606],[1113.3709716796875 1996.6673583984375 1339.9566650390625 2089.74267578125],0.6070359349250793,GX15OGJ,0.39858654131281424
130,6.0,[834.3938627773692 1609.2395316217562 1638.7897033546565 2155.5729516032466],[1118.23876953125 2012.2119140625 1321.7923583984375 2098.73291015625],0.6543008685112,GX15OGJ,0.5409705949124913
131,6.0,[830.1701405619965 1614.6046257695684 1635.5483184249715 2154.9842649952575],[1103.7357177734375 2019.9873046875 1333.895263671875 2114.493896484375],0.6640065312385559,GX15OGJ,0.4281584879175165
132,6.0,[831.9824098542924 1624.0752670825905 1635.8659614798514 2156.9141786514947],[1095.48095703125 2025.760986328125 1335.3663330078125 2126.35693359375],0.6790463924407959,GX15OGJ,0.4446465362238008
132,1.0,[2045.4926383464997 1206.1426211973674 2600.696990895193 1680.9326840154588],[2226.8671875 1491.968994140625 2449.008544921875 1582.5157470703125],0.447386234998703,AP05JEO,0.195137326478566
133,6.0,[831.9693112763126 1630.140095872901 1632.877899653448 2157.6088042953866],[1085.7545166015625 2029.7332763671875 1324.814453125 2122.235107421875],0.6598048210144043,GX15OGJ,0.6338092887900518
134,6.0,[824.5531176718805 1637.1917908022472 1626.3329077610447 2159.2224134824983],[1093.942138671875 2050.513427734375 1322.9344482421875 2148.8564453125],0.6562004685401917,GX15OGJ,0.3269893986428454
135,6.0,[815.0230458705014 1647.1567401381403 1619.9036394420277 2162.91512402851],[1082.2142333984375 2056.57421875 1328.3646240234375 2157.3115234375],0.6707850694656372,GX15OCJ,0.4655256961112259
135,1.0,[2042.6461362173438 1215.1615387324068 2606.454571748782 1691.0167858060777],[2265.206787109375 1509.6947021484375 2466.044921875 1598.18408203125],0.4448328912258148,AP05JEO,0.31206188682250113
139,1.0,[2048.6659615131616 1231.3829934914015 2620.3612514186484 1710.211001611674],[2240.569091796875 1526.055908203125 2446.428955078125 1604.7235107421875],0.5471788644790649,AP05JEQ,0.09182484648496583
141,1.0,[2050.5131831218773 1237.7481555033482 2626.092509561205 1724.1578702972897],[2257.075927734375 1535.60595703125 2458.991455078125 1621.219482421875],0.26465022563934326,AP05JEQ,0.2537842005518404
142,1.0,[2050.6928244324645 1239.8875837441287 2628.533598139259 1729.6233967005387],[2261.924072265625 1539.9771728515625 2468.401123046875 1624.303466796875],0.3388288915157318,AP05JEQ,0.4234054399025668
143,1.0,[2045.5496268102029 1242.9244012919364 2627.973964807748 1736.2954649058859],[2240.93994140625 1537.928466796875 2454.860595703125 1624.91455078125],0.5332430005073547,AP05JEO,0.29136651108517797
144,1.0,[2046.7960988326995 1247.7915017051096 2633.0190163807456 1744.5546271557864],[2245.658203125 1549.521728515625 2440.534423828125 1633.9095458984375],0.47730541229248047,AP05JEO,0.3477868346215986
145,1.0,[2047.9525258111075 1251.997240792409 2636.1938910200647 1750.242676911643],[2268.87890625 1555.7889404296875 2470.9453125 1644.1702880859375],0.407218337059021,AP05JEO,0.2634520405280588
146,1.0,[2048.305729354549 1256.808313526655 2638.431394573131 1757.3871496973304],[2239.4140625 1560.8360595703125 2426.04541015625 1643.9014892578125],0.33266139030456543,AP05JEQ,0.3050127720848448
151,1.0,[2055.958590322033 1275.843699060012 2660.4094422661947 1789.7299632620256],[2248.826171875 1582.4033203125 2479.082763671875 1666.0078125],0.3686569631099701,AP05JEQ,0.14344282768320354
152,1.0,[2050.532789262967 1280.3008683645478 2658.1043722830086 1794.1546044055679],[2250.865478515625 1588.0821533203125 2462.944091796875 1671.7701416015625],0.5338016152381897,AP05JEO,0.14527624666238467
153,1.0,[2045.3424460421222 1284.787069792544 2657.109946186799 1800.5751914112177],[2253.010498046875 1590.674560546875 2475.644775390625 1688.899658203125],0.3990708291530609,AP05JEO,0.2100381747242469
155,1.0,[2047.3560357757492 1290.668657967047 2670.844852849145 1809.327444438801],[2265.9501953125 1608.6295166015625 2479.242919921875 1695.9898681640625],0.4387916326522827,AP05JEO,0.24589210396143887
156,1.0,[2053.3625183506524 1300.8115485177111 2673.31456876932 1820.0674336811378],[2276.91796875 1613.786865234375 2496.658203125 1701.472412109375],0.43385669589042664,AP05JEO,0.2821785457814546
157,1.0,[2046.9271629495668 1302.5506916198417 2668.5602268575226 1823.0892057047024],[2266.89208984375 1618.477294921875 2495.379150390625 1699.880126953125],0.4962666630744934,AP05JEO,0.5970343046932517
162,1.0,[2051.9310641504703 1325.0984449959865 2674.598407613738 1853.3048625347033],[2275.729736328125 1651.5091552734375 2456.111572265625 1732.8585205078125],0.27412742376327515,NP05JEC,0.18557037354538292
163,1.0,[2055.1668715479104 1329.0024514380905 2678.6690939452833 1859.0216750707698],[2269.33837890625 1650.484130859375 2487.99853515625 1741.46044921875],0.36252808570861816,AP05JEQ,0.1966788348659111
177,1.0,[2085.077833343011 1406.681238117843 2714.997947512033 1954.0365684330227],[2292.132080078125 1742.42919921875 2517.307861328125 1839.4168701171875],0.520209789276123,AP05JEO,0.19929923751653242
185,1.0,[2091.9558732480964 1445.804407851209 2758.915112584109 2009.7820057906265],[2322.468017578125 1799.9937744140625 2551.98046875 1892.8516845703125],0.6086167097091675,AP05JEO,0.45424870573498805
186,1.0,[2092.365873423002 1452.825351667376 2763.0878307971843 2019.6677232264394],[2308.82373046875 1803.33837890625 2559.9931640625 1896.308349609375],0.5768604874610901,AP05JEO,0.4354620861433912
189,1.0,[2091.099503521733 1474.7994445730915 2770.309332332331 2045.6388623544226],[2323.197021484375 1829.6513671875 2538.366943359375 1913.06982421875],0.5833922028541565,AP05JEO,0.42664652134695125
190,1.0,[2090.6111680124654 1479.2191750220725 2774.3533199692015 2051.736954861789],[2296.2919921875 1821.867919921875 2554.253173828125 1917.793212890625],0.26905447244644165,NP05JEO,0.21872239015811032
191,1.0,[2087.2143162586804 1487.6525840046886 2771.3516223998517 2061.5800641530795],[2322.211669921875 1836.20654296875 2552.0771484375 1933.87353515625],0.6087985038757324,AP05JEO,0.33767291999060306
193,1.0,[2089.9412868169416 1501.646165923788 2775.683374272007 2078.4037923995625],[2329.9306640625 1858.3524169921875 2564.45947265625 1942.3143310546875],0.4848812222480774,NP05JGO,0.3775031840364019
194,1.0,[2089.3047770620674 1506.1424040492877 2778.461955112453 2084.666862944975],[2338.355712890625 1871.190673828125 2577.9482421875 1958.0009765625],0.5912677049636841,NP05JEO,0.15776419172539471
196,1.0,[2094.3336896342016 1516.9425933533043 2784.441994352158 2097.5220824660205],[2333.275146484375 1875.5025634765625 2578.328857421875 1970.1153564453125],0.64821857213974,AP05JGQ,0.34622920894628817
208,1.0,[2101.430776972862 1591.5953606233127 2852.4932000647714 2158.1596987016906],[2363.828125 1977.6895751953125 2596.967529296875 2064.318115234375],0.6200013756752014,AP05XIO,0.05739763527092293
211,1.0,[2110.59802923825 1607.8402092235128 2865.1793780091875 2151.502147582671],[2387.4580078125 2005.7960205078125 2650.822998046875 2100.243896484375],0.6286717057228088,AP05JEO,0.21864963498034007
213,1.0,[2113.494441476266 1621.3352953337808 2869.155262696707 2156.3470964771195],[2382.071533203125 2019.2303466796875 2624.37451171875 2115.49169921875],0.6288542747497559,AP05JGQ,0.4871111519569112
215,1.0,[2112.316389139893 1635.0715396840253 2865.8862125680794 2159.586117908891],[2387.203857421875 2034.5247802734375 2647.953369140625 2133.19873046875],0.5370168089866638,AP05JEO,0.42730938827740517
249,299.0,[2308.1868482669597 1113.6624814278853 2858.800673219319 1548.1707127934778],[2530.19921875 1392.8526611328125 2658.337158203125 1468.3780517578125],0.37194448709487915,EV61MBC,0.1303599319200062
250,299.0,[2310.892531720614 1127.3142718886895 2867.763935245208 1581.9779541735868],[2529.98876953125 1392.929931640625 2660.7548828125 1469.61669921875],0.4767972230911255,EY61NDG,0.20988895777407507
272,299.0,[2332.4731055785073 1199.791333463117 2911.4385157695892 1713.6174216638192],[2560.731689453125 1476.1275634765625 2700.9765625 1564.848388671875],0.34980112314224243,EY61MBG,0.517232559555014
279,299.0,[2341.894804799997 1224.7764599306106 2936.665396664261 1746.108564637956],[2565.843994140625 1515.83935546875 2725.6708984375 1607.4517822265625],0.5263234376907349,ET61MEG,0.03433065468734355
281,299.0,[2343.0714462254427 1232.912788818071 2944.2762680747765 1755.395051154183],[2562.733642578125 1535.1697998046875 2724.064453125 1618.4901123046875],0.4651021361351013,EY61NEG,0.07414178076689015
320,299.0,[2384.6511121061058 1421.7419564323932 3060.5396791952508 2021.2595843116046],[2628.038818359375 1781.015625 2815.925537109375 1861.9119873046875],0.6249254941940308,EN61NNG,0.5069853432540465
321,299.0,[2385.4011485957117 1426.5056364332409 3063.252416524315 2029.567557770606],[2630.364501953125 1776.4486083984375 2819.82666015625 1861.9332275390625],0.6331783533096313,EN61NDG,0.17232155957087042
337,299.0,[2408.6990455119853 1523.6390641936352 3129.7774611184864 2147.153273175865],[2664.706787109375 1905.3780517578125 2863.503662109375 1988.3153076171875],0.6335250735282898,ET61NNC,0.20211118390193847
340,299.0,[2415.6323077099382 1531.7655037448526 3140.1615152977415 2148.620797566338],[2671.681640625 1924.5732421875 2872.5732421875 2013.0673828125],0.6912950277328491,ET61NAC,0.2303231599107956
344,299.0,[2424.4869337865125 1562.3135428356238 3156.8331198925903 2151.1498437600235],[2680.50537109375 1965.4031982421875 2884.9931640625 2052.03466796875],0.6945275664329529,EN61NAG,0.08267781753407073
349,299.0,[2434.834822500178 1599.2873594989014 3181.8146248795033 2155.3029913888286],[2691.276123046875 2010.3218994140625 2911.79052734375 2101.146484375],0.7096565365791321,LT71NHL,0.0434754831971554
353,299.0,[2444.644816928261 1621.5157528488744 3207.4383346488976 2152.8502573695737],[2703.23095703125 2052.81982421875 2919.781005859375 2139.113037109375],0.6856769919395447,ET61MAL,0.12242009874608722
369,380.0,[872.0632208684215 1406.6127822617166 1510.159611147532 1961.6690028277378],[1082.153076171875 1761.0003662109375 1258.088134765625 1845.2156982421875],0.499376118183136,IV84HVF,0.1937207941085401
373,380.0,[865.3212260409084 1430.2274798773183 1515.2253720747588 1993.619431750666],[1076.0999755859375 1786.5955810546875 1265.1871337890625 1872.9869384765625],0.5638999342918396,AV98WVF,0.10389470195552734
378,380.0,[832.134007839443 1449.5652734109017 1492.1138539529682 2019.4851425911702],[1052.714111328125 1827.4365234375 1244.2669677734375 1909.847900390625],0.5676398277282715,WV00WVF,0.03513266465139404
379,380.0,[828.2928810806709 1455.2541103303483 1490.9868447822416 2027.5173780907066],[1046.8392333984375 1830.3603515625 1236.693603515625 1910.457275390625],0.6091898679733276,JV00MVF,0.2683677054011754
381,380.0,[819.7808037453811 1470.4708685888259 1486.6286465464345 2052.450741795776],[1039.9683837890625 1842.886962890625 1217.3709716796875 1932.17724609375],0.5813002586364746,AA00MVF,0.11963329294357242
383,380.0,[812.7640787428082 1481.835548419644 1483.902211250087 2075.9558800902346],[1031.825439453125 1860.8614501953125 1229.513427734375 1944.131591796875],0.593665599822998,AV08HVF,0.11874839821014245
389,380.0,[777.4834059832331 1516.6962981358688 1462.1641645232523 2125.9884277193178],[1008.9605712890625 1899.5223388671875 1193.2943115234375 1988.7965087890625],0.5627654194831848,AV00HVF,0.25568331071593325
393,380.0,[755.275912293826 1535.861302797782 1443.77477753638 2149.1994437755634],[996.8186645507812 1933.4794921875 1188.04736328125 2021.45361328125],0.6635947227478027,OV00HVF,0.2858865180260237
394,380.0,[752.1916623626062 1538.1136718283797 1445.831161551966 2152.5849015351623],[985.7493896484375 1933.3201904296875 1181.90771484375 2022.5050048828125],0.6483611464500427,AV00HVF,0.06920603002139769
395,380.0,[743.538539633465 1542.0812846043805 1440.2535667745965 2155.0632024785464],[978.0598754882812 1939.0616455078125 1183.088134765625 2033.9102783203125],0.6687398552894592,AV08HVF,0.1939212132550114
403,470.0,[2267.7837640083594 908.8426038380169 2995.224367673189 1787.8030630130513],[2569.539794921875 1577.31494140625 2735.954833984375 1653.692626953125],0.29935529828071594,BC65USJ,0.14037483879185672
405,380.0,[677.1740312636593 1608.472050261947 1418.3192581075446 2160.3326709248768],[931.6552734375 2026.2298583984375 1132.938720703125 2119.114501953125],0.6811547875404358,AV00HVE,0.19271359665736468
406,380.0,[674.7989476654468 1613.8185461274384 1416.321296243885 2161.442595490847],[926.2648315429688 2028.7591552734375 1132.6070556640625 2126.2568359375],0.6798837184906006,AV08HVF,0.2693168773275868
408,380.0,[670.1467995592495 1626.5121964419059 1409.9934634183066 2162.2574845138943],[919.2595825195312 2055.3173828125 1128.902099609375 2151.90478515625],0.6941552758216858,AV00HVF,0.13394239350751008
408,527.0,[2266.816296651045 910.6708925219236 3011.0636540296114 1819.405377379605],[2581.924072265625 1602.02490234375 2758.564453125 1691.19287109375],0.5717234015464783,BG65USJ,0.8324973582644274
409,527.0,[2265.523492578723 913.8064078201751 3004.4223943834536 1824.6791850130057],[2580.71337890625 1608.5025634765625 2753.176025390625 1693.499755859375],0.5886453986167908,BG65USJ,0.7948693720098716
410,380.0,[665.8161566610509 1639.2250380271894 1410.3779015002963 2160.9510374617053],[905.384765625 2068.837158203125 1118.0950927734375 2160.0],0.7550482153892517,AV00HVF,0.12422130165500747
412,527.0,[2277.1643620047594 926.622891580844 3008.9195658235553 1850.513380281135],[2579.523193359375 1620.3116455078125 2757.37353515625 1708.6622314453125],0.6025826930999756,BG65USJ,0.8016780692358056
413,527.0,[2278.929609345765 927.7387961143043 3009.189914829438 1852.4908973418685],[2583.443603515625 1630.8497314453125 2758.72412109375 1716.3922119140625],0.6191356182098389,PG65USJ,0.30057174353773447
413,380.0,[653.0129573881253 1663.1784993527515 1403.4412641199851 2160.0159614718937],[900.2448120117188 2098.73291015625 1106.2020263671875 2160.0],0.5696123838424683,MV44MVI,0.18546388782999593
414,527.0,[2286.0423907099243 930.192056625915 3013.885576784541 1858.873116529373],[2582.581787109375 1634.54296875 2759.67041015625 1724.1793212890625],0.6535168290138245,BG65USJ,0.8025799205344496
415,527.0,[2291.599582125337 931.8436528975851 3017.9803563632354 1862.3722871016905],[2584.890380859375 1645.021484375 2749.225341796875 1721.721435546875],0.5635964870452881,BG65USI,0.39858310276920045
419,527.0,[2297.1785033001474 957.9606003181522 3025.5234719105297 1902.4672610153489],[2582.625244140625 1665.6829833984375 2767.51416015625 1752.3350830078125],0.5841264128684998,BG65USJ,0.6187909077149492
420,527.0,[2299.1056155824576 961.5483994581875 3025.624423086015 1908.8369520286012],[2585.135009765625 1673.627685546875 2772.952880859375 1761.2117919921875],0.6306339502334595,AG65USJ,0.41844994291162946
421,527.0,[2301.5197409463576 964.4420203523698 3027.437234814233 1915.658602649992],[2586.033935546875 1678.9674072265625 2769.107177734375 1766.0750732421875],0.6288138628005981,BG65USJ,0.16492603273871587
422,527.0,[2298.0657758485395 969.5557090456552 3029.2227635643176 1928.4433444717567],[2585.769287109375 1681.664794921875 2765.3759765625 1767.32958984375],0.6404567956924438,BG65USJ,0.6051887790622792
423,527.0,[2280.2591201193563 974.542143184418 3024.552843199058 1937.5293741947844],[2583.191162109375 1691.5902099609375 2768.126953125 1782.5987548828125],0.653095006942749,BG65USJ,0.7314930481615075
424,527.0,[2285.6803710499776 974.6152171818483 3033.3753964863276 1943.7510195103434],[2581.899169921875 1694.935302734375 2768.004638671875 1787.14208984375],0.6501322388648987,BG65USJ,0.5274681138380997
425,527.0,[2298.3336786087025 979.4754653958948 3045.5457695682103 1956.0418764338078],[2585.741455078125 1702.0924072265625 2769.753662109375 1793.8948974609375],0.664454996585846,BG65USJ,0.48099248561051167
426,527.0,[2305.150387288249 981.2630674132051 3049.7867752106627 1963.5340984219656],[2582.335693359375 1710.923583984375 2769.7265625 1797.090087890625],0.5907644629478455,BG65USJ,0.4574893022998385
427,527.0,[2309.476734266607 981.9518297489853 3055.519180732794 1970.2412060414722],[2588.41259765625 1714.1943359375 2772.731689453125 1804.6341552734375],0.6167730689048767,BG65USJ,0.5332584800743557
428,527.0,[2312.506496370801 984.1738032393232 3061.404108135419 1976.3262558141773],[2589.158203125 1726.6783447265625 2776.348388671875 1810.900634765625],0.6288995146751404,BG65USJ,0.5834682315487434
431,527.0,[2318.615508995771 998.0344833448839 3092.089806753287 1993.8635539905868],[2591.00537109375 1742.720947265625 2781.18994140625 1829.7366943359375],0.6612228155136108,BG65USJ,0.3294279496493281
433,556.0,[2311.4342783633288 993.4999782367183 3103.3414057239684 2000.469426044743],[2590.129638671875 1754.6533203125 2781.439697265625 1839.771728515625],0.6068254709243774,BG65USJ,0.49044508387874813
434,556.0,[2303.4736138612434 996.1033490370669 3107.9880570604355 2008.151773521262],[2595.02734375 1764.3555908203125 2783.998046875 1849.9859619140625],0.6151244044303894,BG65USJ,0.15187888691101603
436,556.0,[2301.315337592602 1002.4516658769699 3097.2196585274187 2006.8176257876812],[2594.7568359375 1771.2884521484375 2785.140380859375 1860.9013671875],0.6601747274398804,BG65USJ,0.4790839149889522
437,556.0,[2300.0459106909593 1006.5060225277982 3102.2832339231472 2012.5976511300535],[2592.3251953125 1787.770751953125 2784.255615234375 1878.156005859375],0.642331600189209,BC65USJ,0.28091476328183695
438,556.0,[2292.5545654581115 1012.1492414992115 3102.7847952822017 2027.193025411835],[2592.6259765625 1788.7470703125 2786.591796875 1882.417236328125],0.6743137836456299,BG65USJ,0.5162459051516648
439,556.0,[2295.9835068453676 1016.7225399459955 3103.4731925259484 2037.300876267712],[2591.736328125 1798.2890625 2786.62646484375 1886.558349609375],0.6723027229309082,BC65USJ,0.1327480113940944
440,556.0,[2303.481929987559 1024.6891261125793 3108.1204700257476 2049.515407475151],[2588.956298828125 1801.158447265625 2783.37109375 1890.5003662109375],0.6436857581138611,BG65USJ,0.40317121290119107
441,556.0,[2303.107806202841 1029.5737078557695 3113.905929417224 2059.9152421670806],[2592.011962890625 1811.3499755859375 2788.19921875 1904.1536865234375],0.6664450764656067,BG65USJ,0.5709650724706133
442,556.0,[2302.17910309203 1033.0103802700023 3109.9199947556394 2064.588294924094],[2591.984375 1821.0736083984375 2787.371337890625 1910.6671142578125],0.6527368426322937,BG65USJ,0.5556900067481142
445,556.0,[2306.264491425187 1043.9018631509207 3120.519983312858 2090.73702409493],[2597.162109375 1838.8267822265625 2789.515869140625 1933.6790771484375],0.6658631563186646,BG65USJ,0.2617486741673313
447,556.0,[2297.825041738366 1049.775548881471 3121.597877088935 2106.0247563951325],[2595.88916015625 1858.2620849609375 2793.6416015625 1950.172607421875],0.6604569554328918,BG65USJ,0.47874582875568306
448,556.0,[2295.3746394149803 1050.9981733184013 3129.663910452755 2112.1603787475233],[2596.108154296875 1860.603515625 2792.331298828125 1952.067626953125],0.6666877269744873,BG65USJ,0.4787505379772888
449,556.0,[2300.871351943419 1054.0649425894999 3138.1976682748823 2117.897313389515],[2594.475341796875 1865.8916015625 2791.3525390625 1962.9140625],0.6903790235519409,BG65USJ,0.41593876114902634
450,556.0,[2303.020277440128 1062.06812360073 3140.1929526074905 2127.4575575846034],[2592.153076171875 1882.3150634765625 2792.710693359375 1973.417724609375],0.6974437236785889,BC65USJ,0.5009662352283012
451,556.0,[2293.5340333900263 1064.6005843868702 3132.0865960903616 2132.150867061201],[2591.282958984375 1888.6510009765625 2793.45556640625 1979.5870361328125],0.6888110041618347,BG65USJ,0.9475464200474114
452,556.0,[2287.2894511104337 1068.1612458437112 3126.5316564856944 2138.033970250184],[2592.1884765625 1895.0611572265625 2795.14404296875 1986.29638671875],0.6806507706642151,BC65USJ,0.3969758091266528
453,556.0,[2287.0130915859136 1073.936179339053 3130.9663592486695 2144.8136105804397],[2590.374755859375 1904.950927734375 2798.268310546875 1999.94677734375],0.6827834248542786,BG65USJ,0.14725445356686734
454,556.0,[2287.311282582674 1081.2840260963374 3131.885382186828 2149.9398948051166],[2590.62451171875 1906.6171875 2798.93359375 1997.91064453125],0.6721166968345642,BG65USJ,0.43499796617898884
455,556.0,[2268.484901152636 1086.7119637769315 3116.2564224468692 2153.4641309729755],[2593.7900390625 1915.922607421875 2802.585205078125 2011.002685546875],0.712047815322876,BG65USJ,0.5118556820958121
465,598.0,[2257.9648275937475 1145.2227971592902 3153.698302286692 2143.6762345252682],[2591.983154296875 2001.2069091796875 2816.203857421875 2097.91796875],0.7215656042098999,AL65USJ,0.27980457985084334
470,608.0,[2226.8216216950473 1167.9201016145148 3151.231806328238 2146.621547901319],[2600.60400390625 2044.877197265625 2818.422607421875 2143.17041015625],0.7192320227622986,BC65USJ,0.3349377747471891
492,345.0,[1056.3975211635168 1156.179541131137 1636.099691373037 1688.3107456738305],[1245.035888671875 1476.515625 1420.1846923828125 1560.122314453125],0.5520810484886169,AK64DMV,0.3617225580318851
493,345.0,[1054.1360316429195 1158.6131187449923 1631.5284645637762 1690.528182778448],[1240.8275146484375 1477.959228515625 1425.4820556640625 1560.744140625],0.5371986031532288,JM67OMV,0.16093207010708313
497,331.0,[811.7066050429409 1577.3252211681963 1422.255018917795 2042.2894744753],[993.12548828125 1891.1817626953125 1202.9483642578125 1996.6343994140625],0.6053779125213623,AA54KCJ,0.050424827442065466
499,331.0,[806.3337334603364 1582.1786462549517 1421.5633327600797 2050.659464239451],[993.3312377929688 1905.7413330078125 1200.8310546875 2009.9521484375],0.29091858863830566,NA54KGJ,0.548360764910744
500,331.0,[806.5666362697825 1587.4883220775123 1423.2126952754415 2056.320131372962],[994.8140258789062 1919.474609375 1197.2626953125 2017.55615234375],0.2960207164287567,NA54KGJ,0.3734153480990713
505,331.0,[791.9576146777199 1623.4186301459426 1417.9794397185465 2096.589946008311],[986.1473388671875 1948.36962890625 1193.6212158203125 2047.174072265625],0.5562954545021057,NA51KGJ,0.051227352218566446
506,345.0,[1016.9314953302219 1186.6918060930202 1615.145409402739 1740.386596252827],[1213.847412109375 1527.796875 1397.047119140625 1616.490966796875],0.6582638621330261,AK64DMV,0.3242319535297532
511,331.0,[783.4628821090689 1659.359366984845 1415.1095341360176 2135.343825381998],[975.728271484375 1988.03759765625 1192.045166015625 2091.421142578125],0.40426239371299744,NA51KGJ,0.23228209260065139
518,345.0,[980.5678371129984 1230.415193540373 1597.219550462713 1800.3997984337625],[1187.896728515625 1576.5697021484375 1381.0648193359375 1669.874755859375],0.678813099861145,AK64DMV,0.45974424629434907
575,345.0,[816.2463245874717 1461.1368539620398 1529.9343039055882 2127.2660969592175],[1064.5499267578125 1879.9149169921875 1280.945068359375 1984.6153564453125],0.7059443593025208,AK54DMV,0.2073205113568491
576,345.0,[810.6539965180264 1467.6214273851729 1529.3187582318842 2133.464801371218],[1063.5115966796875 1892.6231689453125 1277.806884765625 1989.7064208984375],0.6805187463760376,AK62DMV,0.3204948059497964
596,345.0,[759.7544688354553 1571.2411055263299 1510.924405589932 2154.3848364237815],[1009.08837890625 2024.05517578125 1236.685546875 2130.1787109375],0.7019401788711548,AK64DMV,0.596218268734224
599,345.0,[749.2212544882815 1588.6317730526303 1507.8012867081993 2157.992339164807],[1000.4492797851562 2050.10009765625 1234.452880859375 2156.150390625],0.7301963567733765,AI64DNV,0.5151771753256852
727,657.0,[885.944414497466 1431.8144390204548 1544.2756337954638 1991.2433423618859],[1121.687744140625 1847.6705322265625 1297.2745361328125 1938.201171875],0.25490081310272217,XH06MSU,0.08065380801454827
729,657.0,[875.777060278334 1440.8211200023286 1541.756685224375 2002.4021175982245],[1099.918212890625 1864.9749755859375 1288.859619140625 1949.1339111328125],0.5964351296424866,XH06KSU,0.29951694856584987
733,657.0,[862.9882729111306 1460.0055179350102 1538.609647501737 2030.9864997890436],[1111.7652587890625 1890.156005859375 1280.3746337890625 1967.1357421875],0.2790782153606415,KH06KSU,0.37058340355067754
734,657.0,[858.9566244578957 1464.9931303870023 1535.245164317221 2038.679140258693],[1098.697509765625 1894.4356689453125 1288.0887451171875 1991.04833984375],0.5939476490020752,KH06KSU,0.21530127162908885
737,657.0,[854.97572396633 1475.509732766581 1537.9184759946002 2058.674975289862],[1076.6610107421875 1911.2421875 1279.763427734375 2008.9556884765625],0.6178572773933411,KH06KSU,0.1166338837265582
738,657.0,[854.2978449834092 1482.6472765388467 1537.4893125909362 2066.018070554965],[1081.25537109375 1925.3331298828125 1279.83740234375 2013.3863525390625],0.6729512214660645,KH06KSU,0.3627647643598013
739,657.0,[852.0199710999736 1491.2184874318973 1534.7835936623837 2073.9846775869246],[1076.5350341796875 1926.47021484375 1280.9140625 2018.137939453125],0.6740584969520569,KH06KSU,0.11851481229033005
741,657.0,[848.651676246315 1503.8681172735255 1536.9347235675752 2088.348684797873],[1064.666748046875 1932.61572265625 1274.0419921875 2041.4342041015625],0.6297664642333984,KH06KSU,0.29494209524166715
742,657.0,[845.4271989780502 1506.9316064812217 1534.476788498914 2092.4067420270376],[1070.4969482421875 1936.1326904296875 1270.86083984375 2041.3612060546875],0.6489385366439819,KH06KSU,0.27838425944977313
743,657.0,[840.182079531656 1511.6422218144185 1532.7233545867673 2098.1779877364993],[1061.1341552734375 1950.14794921875 1268.3155517578125 2046.949951171875],0.6658127903938293,KH06KSU,0.18582578720451598
744,657.0,[835.8149948899069 1517.5353315977484 1532.842153821981 2104.9479222588916],[1059.1318359375 1957.1103515625 1268.64697265625 2052.44384765625],0.6273754239082336,KH06KSU,0.20627467191104895
746,657.0,[826.8163604441726 1525.1108033131113 1528.1849867568571 2115.4400426259854],[1048.618408203125 1974.673828125 1264.5272216796875 2072.971435546875],0.6743991374969482,KH05KSU,0.18219806702283908
747,657.0,[823.3352381246766 1530.649318832904 1528.806464624626 2122.7176771553977],[1057.034423828125 1980.4205322265625 1255.8321533203125 2075.000244140625],0.6638638973236084,KH06KSU,0.286354434955698
748,657.0,[821.5037834636228 1536.3000426106244 1530.9865077234863 2128.422359263155],[1054.9039306640625 1980.6888427734375 1255.534423828125 2079.222900390625],0.6031376719474792,KH06KSU,0.3253796952596148
749,657.0,[817.8228257147873 1542.5872904080584 1531.8511230006945 2135.809900480339],[1045.4576416015625 1993.4326171875 1255.578125 2087.508544921875],0.6299819350242615,KH06KSU,0.5017114627944128
750,657.0,[810.9601395517111 1548.831305683839 1526.45678703796 2142.1260780609277],[1049.2059326171875 1995.449462890625 1261.0706787109375 2099.190673828125],0.6815242767333984,KH06KSU,0.4024939246422146
752,657.0,[802.4014347975201 1557.0833883715168 1516.6108559182087 2149.724286160611],[1044.1890869140625 2010.1871337890625 1260.7420654296875 2105.595947265625],0.6648999452590942,KH05KSU,0.20222513521037636
753,657.0,[800.9063946509491 1561.3587024567018 1515.2249130441824 2152.707490546243],[1039.389892578125 2019.099609375 1252.8143310546875 2121.916259765625],0.6834301948547363,KH06KSU,0.15297776442309158
1015,1106.0,[2113.0608745537243 1352.5332933521374 2891.026508305116 2150.633710655572],[2387.537109375 1946.2679443359375 2595.667236328125 2038.0528564453125],0.6841679811477661,JJ07AVI,0.05696012688196342
1215,1263.0,[2094.7573838846233 1246.4363207724557 2684.553422204091 1720.194297844071],[2308.4189453125 1546.9666748046875 2486.51025390625 1640.186767578125],0.6233543753623962,JU65ZTA,0.09453488721903643
1217,1263.0,[2095.2324198784895 1251.838496658385 2686.966473770374 1731.7654842960026],[2314.848876953125 1549.9757080078125 2498.364501953125 1652.8634033203125],0.636885941028595,QG85ZGX,0.14986070471852503
1252,1263.0,[2101.197610021259 1385.352911157797 2764.985964613307 1917.4138961043889],[2358.567138671875 1728.56982421875 2542.112060546875 1817.079345703125],0.6809946894645691,QG65ZFX,0.1338907995218944
1255,1263.0,[2102.6471193667826 1401.632023470949 2771.8892920754574 1935.4864996091294],[2363.07861328125 1738.4853515625 2554.627197265625 1836.659912109375],0.6728246212005615,QG65ZFX,0.16301045091653457
1260,1263.0,[2109.3384766292493 1424.2855649580233 2792.0976863346123 1969.6460221746738],[2370.82470703125 1776.4493408203125 2563.426025390625 1867.7669677734375],0.6781352162361145,NG65ZFX,0.2389113663321743
1262,1263.0,[2111.0180335038986 1431.820883763542 2796.397144295527 1982.1756911358002],[2377.012939453125 1786.798828125 2570.9033203125 1881.10107421875],0.695695698261261,QG65ZFX,0.21921520297804067
1266,1263.0,[2119.2628641708416 1449.9211673840002 2811.4073655940347 2004.1282195156766],[2386.744140625 1810.363037109375 2575.851806640625 1902.122314453125],0.6783018708229065,QG65ZFX,0.12704401592558165
1267,1263.0,[2117.149878001518 1454.2992303927172 2810.206324085476 2009.1257784011032],[2384.093994140625 1811.1990966796875 2578.0576171875 1905.4163818359375],0.6783440113067627,QG65ZFX,0.4178170766723543
1269,1263.0,[2117.1246928816695 1467.6513873717402 2813.3960092086113 2025.537319084203],[2378.721923828125 1827.0230712890625 2578.2255859375 1924.4798583984375],0.6920576095581055,NG65ZFX,0.2515054850152639
1270,1263.0,[2119.621501662757 1471.410790717091 2816.4537377803076 2031.2573459695686],[2388.156005859375 1829.3031005859375 2579.16357421875 1926.6240234375],0.6992418766021729,QG65ZFX,0.24725319669666188
1273,1263.0,[2119.552235498073 1486.6969316827317 2818.6853483513178 2053.683161816595],[2391.476806640625 1855.6790771484375 2589.51513671875 1942.2476806640625],0.6674537062644958,NG65ZFX,0.1085522619271423
1274,1263.0,[2118.4712040849404 1491.5393622284182 2823.012859591209 2060.947272944163],[2396.531982421875 1863.5203857421875 2591.7041015625 1950.9407958984375],0.6826953291893005,QG65ZFX,0.21945682911424874
1275,1263.0,[2127.159640190779 1495.7710186247193 2830.1604228511433 2066.66402032205],[2396.6513671875 1867.5743408203125 2597.06298828125 1961.1668701171875],0.7003992795944214,WG65ZFX,0.27427575217341477
1277,1263.0,[2122.674666460126 1505.8641552298423 2832.982795401691 2079.400829848123],[2395.973876953125 1874.385498046875 2595.516357421875 1969.128662109375],0.7015225291252136,NG65ZFX,0.16821364114149426
1279,1263.0,[2125.19084488953 1516.5417341818975 2841.1226693625204 2090.7492483481096],[2399.089599609375 1884.799072265625 2600.678466796875 1983.161865234375],0.6876299977302551,NG65ZFA,0.21739859288733132
1280,1263.0,[2125.518941454486 1518.913901800472 2844.493635002363 2095.17518143116],[2416.366943359375 1906.1778564453125 2599.8056640625 1987.5382080078125],0.6296228766441345,NG65ZFX,0.3046547705627758
1281,1263.0,[2125.328337023679 1522.5145791064917 2847.248246854388 2100.24840042597],[2413.059814453125 1908.8873291015625 2607.453369140625 1998.2244873046875],0.6750514507293701,MG65ZFX,0.24411565812973748
1282,1263.0,[2125.249843716857 1525.4242877025094 2852.0692766754983 2103.9561355547503],[2410.059326171875 1909.5274658203125 2612.667724609375 1999.6527099609375],0.6839123964309692,WG65ZFX,0.1580239043216064
1283,1263.0,[2129.3964780996193 1530.9514650353576 2856.851445846235 2109.5550237738316],[2415.4482421875 1916.353759765625 2618.260986328125 2012.5709228515625],0.7233612537384033,QG65ZFX,0.294321663797465
1284,1263.0,[2134.1753471573966 1537.5161834306828 2863.560406674983 2115.9799738304127],[2403.032958984375 1925.1240234375 2617.953369140625 2021.5458984375],0.7040473818778992,QG65ZFX,0.24745251485224534
1285,1263.0,[2134.6012616756857 1540.8613474048138 2867.156056921722 2119.8624870786625],[2414.4990234375 1926.6734619140625 2623.300048828125 2027.4591064453125],0.7187596559524536,QG65ZFX,0.34163393063241226
1286,1263.0,[2136.213708049029 1549.5319139566886 2871.901199742994 2127.4459403315445],[2410.4853515625 1933.7281494140625 2625.466796875 2032.9237060546875],0.6970521807670593,WG65ZFX,0.1870739063168488
1287,1263.0,[2141.2719875397843 1556.6573342770112 2876.619466824144 2134.2568929640274],[2427.292236328125 1943.5989990234375 2626.86767578125 2037.1636962890625],0.6767445206642151,NG65ZFX,0.24139613041541377
1288,1263.0,[2144.640949722097 1562.7701525972177 2878.4189261600554 2140.664944173833],[2417.83251953125 1947.8426513671875 2626.270263671875 2041.3018798828125],0.694220781326294,NG65ZFX,0.25408824381964384
1289,1263.0,[2147.2352037800065 1565.784299374415 2882.6532996213627 2144.550970479343],[2427.901611328125 1956.51708984375 2628.47021484375 2051.197509765625],0.7098440527915955,WG65ZFX,0.11307141287771603
1290,1263.0,[2142.14795822268 1570.6614218227678 2887.544081932058 2146.7186224061174],[2428.829345703125 1964.8436279296875 2626.43408203125 2056.99609375],0.7092265486717224,WG65ZFX,0.23019012548123552
1291,1263.0,[2142.138857061095 1576.0264514965802 2891.780912803192 2150.0361699214477],[2432.69482421875 1969.092041015625 2633.656494140625 2058.978515625],0.7162513136863708,NC65ZFX,0.24171516274592306
1292,1263.0,[2147.6467123346492 1582.4084552662287 2896.1485980824773 2152.3477957506952],[2437.2451171875 1974.27685546875 2634.163330078125 2069.258056640625],0.7260527014732361,WG65ZFX,0.23382782349644826
1293,1263.0,[2138.8759064143046 1587.2896046934757 2895.740427665168 2153.1894626460125],[2433.164794921875 1983.380615234375 2640.21435546875 2081.71923828125],0.7152659893035889,WG65ZFX,0.25851614355735686
1294,1263.0,[2143.33910451627 1593.510014534949 2901.40730275637 2156.385720006583],[2437.204833984375 1985.5096435546875 2638.367431640625 2084.2685546875],0.7052675485610962,NG65ZFX,0.07771822783748726
1295,1263.0,[2156.0275464447905 1598.9428899114764 2909.973556759697 2156.971688307743],[2428.5625 1995.46337890625 2642.7255859375 2089.925537109375],0.7077453136444092,NG65ZFX,0.22353435541649208
1296,1263.0,[2152.899489990561 1604.596582369876 2909.0121108198164 2158.0535662354982],[2441.756103515625 2007.5654296875 2644.667724609375 2096.80517578125],0.7068228721618652,NG65ZFX,0.29170810322445595
1299,1263.0,[2173.4802053153885 1611.1362349191074 2929.7162727635064 2151.68376113739],[2446.32763671875 2022.2813720703125 2660.37451171875 2121.982666015625],0.706734836101532,WG65ZFX,0.12427310782065261
1300,1263.0,[2176.17830812477 1614.0359501535713 2930.822630001136 2151.247255755585],[2446.201171875 2026.2733154296875 2661.087646484375 2124.59912109375],0.7132696509361267,NG65ZFX,0.16211826549968372
1301,1263.0,[2176.229332909854 1621.7223057667368 2931.473308641449 2153.0738109917875],[2449.815185546875 2036.693115234375 2666.08544921875 2134.45458984375],0.6881893277168274,QG65ZFA,0.31023454715852405
1302,1263.0,[2182.1679757540387 1628.8228404976903 2940.7570106306766 2152.2666545401285],[2458.772705078125 2053.916015625 2664.82861328125 2144.826416015625],0.698335587978363,QG65ZFX,0.13713352312767377
1303,1263.0,[2182.580225292364 1636.4055110975405 2944.013274763188 2151.9206909127042],[2461.383056640625 2056.311767578125 2668.191162109375 2149.77392578125],0.720031201839447,NG65ZFX,0.21312168039405166
